"Image","Cluster"
"Flower Garland with Putti Around Madonna and Child Illuminated by Holy Spirit and Served by Angels (Vienna, Dorotheum, 1973).jpg","7"
"Adoration of the Magi (London, van Haeften).jpg","6"
"St. Martin Dividing His Cloak (London).jpg","5"
"Flower Garland Around the Madonna and Child with Angels.jpg","7"
"Procession of the Groom (Munich, 1937).jpg","6"
"Studies of Peasants with Pigs and Wagons.jpg","4"
"Visit to the Tenants.jpg","5"
"Bouquet with Mourning Iris in a Stoneware Vase (Cambridge).jpg","9"
"Battle Scene.jpg","8"
"Riverscape with the Temptation of Christ.jpg","0"
"Aeneas Carrying Anchises from the Burning Troy (London).jpg","1"
"Stigmatisation of St. Francis.jpg","2"
"The Greedy Drunkard (Paris, Gal. de Jonckheere).jpg","3"
"The Misanthropist (Dieren).jpg","3"
"Cartouche with Flowers Around a Portrait of a Young Girl (Cologne).jpg","7"
"View of the Septizonium Severi, Rome, and the Entry to S. Gregorio Magno.jpg","8"
"Orpheus Playing for the Animals.jpg","8"
"Venus at the Forge of Vulcan (Worcester).jpg","6"
"Flowers in a Sculpted Vase (New York).jpg","9"
"Allegory of Air and Fire (Munich).jpg","6"
"Pan and Syrinx.jpg","5"
"Paradise with the Fall of Man (The Hague).jpg","5"
"Bouquet with Tulips (Dusseldorf).jpg","9"
"Forest Landscape with Travelers.jpg","1"
"The Paradise with the Creation of Eve in the background on the left (Paris 1996).jpg","8"
"Flower Garland with Holy Family and St. Elizabeth and John.jpg","7"
"Entrance to Village with Windmill.jpg","5"
"Two Peasants Binding Sticks (Enschede).jpg","3"
"Village Street with Wagons.jpg","4"
"Allegory of Fire^% Venus in the Forge of Vulcan (Paris, Galliera).jpg","5"
"Venus and Adonis in a Forest Landscape.jpg","5"
"River through a Town.jpg","4"
"A Man Pissing on the Moon (London, Sotheby's).jpg","3"
"Nativity (Switzerland).jpg","1"
"Orpheus (Unknown).jpg","8"
"Saint Jerome in a Landscape.jpg","6"
"Dance on a Village Street.jpg","1"
"Coastal landscape with a windmill.jpg","0"
"Horse with Cart and Horse Head.jpg","4"
"Sea Harbor with Preaching of Christ (Munich).jpg","1"
"Battle of the Israelites and the Amalekites.jpg","1"
"Storm at Sea with Shipwreck.jpg","1"
"Venus and Mars in the Forge of Vulcan.jpg","5"
"A Bridal Procession (Private collection, Northwick Park).jpg","6"
"Battle of the Amazons.jpg","1"
"Garland Around Medallion of Madonna and Child (Munich, Munchener Jahrbuch).jpg","7"
"The Paradise with the Creation of Eve (Christie's, London).jpg","5"
"Netherlandish Proverbs (Lucerne, Fischer).jpg","5"
"Allegory of Air (Germany).jpg","1"
"Landscape near Ferrara.jpg","0"
"Feast of the Gods (Trondheim).jpg","6"
"Boats and Houses.jpg","0"
"Garlands of Flowers Encircling a Feigned Stone Cartouche with the Adoration of the Shepherds (London, Sotheby's).jpg","5"
"Allegory of Fire^% Venus in the Forge of Vulcan (Berlin, Paul Graupe).jpg","6"
"Mountain Landscape with a Lake.jpg","5"
"Village at End of a Canal.jpg","1"
"View of Cruybeke, Belgium.jpg","0"
"Forest Road with Travelers.jpg","1"
"Two Fools Roundel.jpg","3"
"Village Scene (London).jpg","4"
"Paradise Landscape with Fall of Man (Madrid II).jpg","1"
"Flowers in a Painted Ceramic Vase (Vienna).jpg","9"
"Small Study of a Woman.jpg","4"
"Marriage of Peleus and Thetis (Munich).jpg","6"
"Bird Concert (london, 1997).jpg","8"
"Allegory of Air and Fire (Cortauld Institute, London).jpg","6"
"Paradise with the Fall of Man in the Background (Dorotheum, Vienna).jpg","2"
"Busy Village Street by a Stream.jpg","1"
"Village Landscape with Dancers, Ballad Singers, and Possible Self Portrait.jpg","5"
"Bacchanal.jpg","5"
"Lot and His Daughters before Sodom (Munich).jpg","1"
"Road to Market (Paris).jpg","1"
"The Rape of Europa.jpg","6"
"Sleeping Nymphs Spied Upon by Satyrs.jpg","5"
"Ancient Ruin by Seaside Harbor.jpg","8"
"River Landscape with Pair of Peasants.jpg","4"
"Garland with Natura Adorned by the Three Graces.jpg","5"
"Proverb^% 'To Fill up the Well after the Calf has drowned' (Unknown Collection).jpg","3"
"Flowers in a Painted Vase with Tazza and Wreath (Munich).jpg","8"
"Wide Winter Landscape (Madrid).jpg","1"
"Forest with Hunting Scene.jpg","1"
"Hell Scene (Paris).jpg","5"
"Blind Leading the Blind Roundel (Antwerp).jpg","3"
"Broad Landscape with Mills (London).jpg","1"
"Bouquet with Poem.jpg","9"
"River Landscape with Village Landing Stage.jpg","8"
"A Village Street.jpg","4"
"Paradise Landscape with Fall of Man (London, Hampton Court).jpg","8"
"Harbor Scene (Oslo).jpg","4"
"Allegory of Fire^% Venus in the Forge of Vulcan (Lyon).jpg","5"
"Temple of Diana (or Venus) at Baiae.jpg","0"
"Landscape with Hermit^% St. Fulgentius (Vienna).jpg","5"
"The Earthly Paradise (Brussels).jpg","2"
"Kermis scene (Prague).jpg","6"
"Return of Hawking Party.jpg","1"
"Village in Winter.jpg","8"
"Village Landscape.jpg","0"
"Allegory of Spring (Neuburg an der Donau).jpg","5"
"Foundry in the Mountains (Rome).jpg","1"
"Landscape with Windmill and Bridal Procession (Christie's, London, 1999).jpg","5"
"Outdoor Wedding Dance (Bordeaux).jpg","5"
"Road with Wagons and Cattle.jpg","4"
"Peasant dance, feast (Aachen).jpg","6"
"Peasant Dance, Wedding (Toronto).jpg","5"
"Attack on Traveler in the Woods.jpg","8"
"River Landscape with Shipyard.jpg","1"
"Allegory of Air (Paris).jpg","1"
"Aeneas and Sibyl in the Underworld (Budapest, 551).jpg","6"
"Village Square.jpg","4"
"Farmhouse Among Trees.jpg","0"
"Small Study of Three Figures.jpg","4"
"De Kermis van Hoboken (Dordrecht, 1956).jpg","6"
"The Calling of Peter and Paul (St Petersburg).jpg","1"
"Holy Family with John the Baptist (Leningrad, Hermitage).jpg","9"
"Temptation of St. Anthony (Munich).jpg","1"
"Paradise Landscape (Canada).jpg","2"
"Orpheus in paradise (Eskiltsuna).jpg","6"
"Mountain Landscape with a Harbor City .jpg","0"
"Farmstead on the Stream.jpg","3"
"The Ark of Noah (Antwerp).jpg","6"
"Tazza with Wreath of Flowers, Box of Jewels and Coins, and Glass Vase (Christie's, London).jpg","9"
"Visit to the Farmers (Vienna, Baschstitz).jpg","2"
"Dancing Peasants at a Wedding in the Open Air (France).jpg","5"
"Allegory of Air and Fire (Sarasota).jpg","6"
"The Raid (Aschaffenburg).jpg","1"
"Mountain Lake at Midnight.jpg","1"
"Feast of the Gods with Bacchus.jpg","5"
"Diana and Actaeon.jpg","5"
"Covered Wagon (Oxford).jpg","4"
"Allegory of Fire^% Venus in the Forge of Vulcan (A. Flinck, Brussels).jpg","5"
"Flower Garland Around Medallion of Madonna and Child with John the Baptist (Sotheby's, London, 2004).jpg","7"
"Wooded Landscape with Duck Hunter.jpg","3"
"Village with Canal.jpg","8"
"Holy Family with John the Baptist in a Landscape.jpg","6"
"Adoration of the Magi (Brussel, Koninklijk Mus.).jpg","6"
"View of the Right Bank of the Tiber, with S. Giovanni dei Fiorentini on the Right.jpg","4"
"Attack by Bandits on a Forest Road.jpg","1"
"Bouquet in a Glass Vase (Cologne).jpg","9"
"Allegory of Water.jpg","8"
"Mary with Christ and John in a Flower Garland.jpg","7"
"Sheet of Studies of Figures and Carts.jpg","4"
"Repairing the Wagon.jpg","4"
"Four Windmills along a Road.jpg","0"
"Wedding Dance in Open Air (Florence).jpg","5"
"Ancient Ruins at Baiae.jpg","0"
"Wedding Procession (Sotheby's, New York, 1986).jpg","6"
"Flowers in Basket and Tazza (Bergen, Billedgalleri).jpg","9"
"Landscape with Tobias and the Angel.jpg","1"
"Allegory of Fire^% Venus in the Forge of Vulcan (Sotheby's, New York).jpg","6"
"Allegory of the Four Elements (Brussels, G. Haes he Lorehen).jpg","2"
"Landscape with St. Jerome (Munich).jpg","1"
"Landscape with Tobias and the Fish (Liechtenstein).jpg","1"
"Forest Road with Travelers (Madrid).jpg","1"
"Diana and Her Nymphs After Fishing.jpg","5"
"The Ark of Noah (Baltimore).jpg","5"
"Diana and Nymphs Resting from the Hunt.jpg","5"
"Seventeen Studies of Different Dogs.jpg","2"
"Madonna and Child with Angels in a Landscape.jpg","5"
"Landscape with Hunters and Dogs.jpg","8"
"Travelers on a Hilltop Road.jpg","1"
"Allegory of Vanity^% The Feast of the Monkeys (Belgium).jpg","5"
"Wide Plain with Four Windmills.jpg","1"
"Rest on the Flight into Egypt (The Hague).jpg","1"
"Kermis of Saint George (Royal Museum of Fine Arts, Antwerp).jpg","5"
"Different Figures.jpg","4"
"A Bridal Procession (Dorotheum, Vienna, 2004).jpg","5"
"Paradise with Fall of Man (Belgium).jpg","1"
"Diana and Nymphs with Spoils of the Hunt.jpg","8"
"Various Figures, Some Dancing.jpg","4"
"Resting at the Windmill.jpg","5"
"The Garden of Eden with the Fall of Man (Budapest).jpg","2"
"Paradise Landscape with Eve's Seduction of Adam.jpg","5"
"Forest Landscape with Rest on the Flight into Egypt.jpg","8"
"Five Boats Sailing on a River.jpg","4"
"A Wedding Dance in a Landscape (London, Sotheby's, 1978).jpg","6"
"Madonna and Child in a Flower Garland (Madrid).jpg","7"
"Flower Vase with Mussels and Butterflies.jpg","9"
"Way to Market.jpg","1"
"Visit to the Farmers (Amsterdam, de Boer).jpg","6"
"Landscape with Sheperds and Cows and a Horseman.jpg","0"
"Flowers in a Marbled Vase.jpg","9"
"Woodland Road with Chapel.jpg","1"
"Large Bouquet in an Earthenware Vase (Bucharest).jpg","9"
"Village Street with Cart.jpg","4"
"Garland Around Medallion of Madonna and Child (Sotheby's, Amsterdam).jpg","7"
"Adoration of the Magi (Munich).jpg","8"
"Rocky Landscape with a Tower.jpg","0"
"Woodland Road near a Village.jpg","8"
"Flowers in a Glass Vase (Zurich).jpg","9"
"Road by Houses Built on Roman Ruins.jpg","0"
"Entry Into Noah's Ark (London, Wellington Museum).jpg","8"
"Village Canal.jpg","8"
"Pan and Syrinx (Kassel).jpg","5"
"View of the Ripa Grande, Rome.jpg","4"
"Flowers in a Decorated Ceramic Vase (Berlin).jpg","9"
"Road through a Woodland Village (London).jpg","8"
"Village Street (Darmstadt).jpg","4"
"River with Bridge and Village Street.jpg","0"
"River landscape with a ferry and windmill.jpg","0"
"Horses Drinking at the Mill.jpg","1"
"&%Pozzuolo&% from Vestigi delle antichita di Roma Tivoli Pozzuolo et altri luochi.jpg","0"
"Basket and Glass Vase of Flowers (Washington).jpg","9"
"Winter Landscape with Travellers.jpg","0"
"Mountain Landscape with Castle.jpg","1"
"The Earthly Paradise^% The Creation of Eve (Besancon).jpg","2"
"Allegory of Air and Fire (Gallerie Robert Finck, Brussels).jpg","6"
"Cliff Landscape with Sibylline Temple at Tivoli.jpg","4"
"Flowers in Painted Vase, Wreath, and Tazza (Brussels, Heuvel).jpg","9"
"Busy Road with Several Carts.jpg","0"
"Village street with two carts.jpg","0"
"Study of a Chicken and Three Sketches of His Head.jpg","6"
"Adoration of the Magi (Unknown Location 1).jpg","5"
"Wide Mountain Landscape with the Temptation of Christ.jpg","1"
"Maria with the Animals (Rome).jpg","5"
"The Blue Coat (Pommersfelden).jpg","3"
"The Drunkard pushed into the Pigsty (London, Christie's, 2002).jpg","3"
"River Scene.jpg","6"
"Landscape.jpg","2"
"Cattle Market in a Village.jpg","1"
"The city on the river (Harbor Scene).jpg","0"
"Wide Landscape with Wagon and Travelers (Cologne).jpg","1"
"The Miraculous Feeding.jpg","4"
"Forest Landscape with Angler.jpg","3"
"Allegory of Fire^% Venus in the Forge of Vulcan (London, Sotheby's, 1983).jpg","6"
"Sacrifice of Isaac (Abraham's Journey) (Mainz).jpg","8"
"River Estuary.jpg","0"
"Village Street with Drinking Horse.jpg","5"
"The Calling of Peter and Paul (Dresden).jpg","1"
"A Village in the Mountains.jpg","0"
"The Allegory of Air (from series of the four elements) (Burghley House).jpg","2"
"The Fleeing Horse.jpg","3"
"To Fill up the Well after the Calf has drowned (Pommersfelden).jpg","3"
"Icon of the Madonna and Child Suspended Within a Fruit and Flower Garland.jpg","7"
"Forest Landscape with Hermit.jpg","3"
"Forest Road with Travelers (France).jpg","1"
"The Last Judgment.jpg","4"
"John the Baptist in the Wilderness (London).jpg","1"
"Triumph of Bacchus.jpg","5"
"Allegory of Autumn.jpg","1"
"Mountain Landscape with River Valley.jpg","1"
"Rome^% Trajan's Forum and Column, with S. Maria di Loreto viewed from the East.jpg","0"
"Village Street with Dancing Peasants.jpg","5"
"Calvary (Florence).jpg","5"
"Carrying of the Cross.jpg","3"
"Hilly Landscape.jpg","0"
"Forest Landscape with Deer Hunting (Rome).jpg","8"
"Sheet of two roundels &%The drunkard pushed into the pigsty, the woodcutters&%.jpg","3"
"Rest on the Flight into Egypt.jpg","0"
"Harbor with Tower.jpg","0"
"Study of Parrots.jpg","4"
"The Harvest^% Allegory of Summer.jpg","3"
"Aeneas and Sibyl in the Underworld (Vienna).jpg","2"
"Allegory of Air and Fire (Monaco).jpg","6"
"Infanta Isabella and her Ladies Making Hay near Mariemont.jpg","1"
"Peasant Dance, Wedding (Dunkirk).jpg","6"
"Rest on the Flight into Egypt (Private Collection).jpg","2"
"A River Landscape.jpg","0"
"Allegory of Autumn (Neuburg an der Donau).jpg","5"
"Winter Landscape .jpg","5"
"Dancing Peasants at a Wedding Feast in the Open Air (Berlin).jpg","6"
"View of Waterfalls in Tivoli.jpg","0"
"Allegory of Fire^% Venus in the Forge of Vulcan (unknown location).jpg","6"
"Waterfall in Tivoli (Cascata della Stipa$%; recto); Sketch of a Southern Landscape with Buildings on a Road in Tivoli (verso).jpg","0"
"Wedding Celebration in a Barn (Dublin).jpg","5"
"A Garland of Flowers Surrounding the Temptation of Saint Anthony Pendant (Sotheby's, London, 1996).jpg","7"
"The Contest of Apollo and Marsyas (Judgment of Midas).jpg","5"
"Fruit and Flower Garland with the Holy Family in a Landscape (Munich).jpg","8"
"Vast Landscape with a Hunt.jpg","0"
"Temple of Janus and the Church of San Giorgio in Valabro at Rome.jpg","4"
"Bacchus, Venus, and Ceres.jpg","3"
"Preaching of John the Baptist (Basel).jpg","5"
"Landscape with Mill and Travelers.jpg","2"
"Flowers in Basket and Tazza (Christie's, New York, 2004).jpg","9"
"Flowers in a Decorated Ceramic Vase with Orange Blossom (Madrid).jpg","9"
"The couple with Owl and Jug (Switzerland, Private Collection).jpg","3"
"Peasant Dance, Wedding (Phillip's, London, 1994).jpg","6"
"Wedding Celebration in a Barn (Pommersfelden, 1899).jpg","6"
"Soldiers Resting in a Forest.jpg","8"
"Genre Scene^% Feasting and Dancing.jpg","2"
"Peasant Festival.jpg","2"
"Confluence of Rivers.jpg","0"
"Allegory of Water (Germany).jpg","2"
"Rocky Landscape.jpg","3"
"The Marriage Feast of Bacchus (Dresden).jpg","5"
"The Battle of Issus.jpg","1"
"Allegory of Air and Fire (London, Christie's, 1996).jpg","6"
"Allegory of Earth (Paris).jpg","1"
"Pan and Syrinx (England).jpg","5"
"Temptation of St. Anthony (Alkmaar).jpg","5"
"Sheet of Various Studies.jpg","0"
"Cavalry Engagement at the Windmills.jpg","5"
"Allegory of Air (Sotheby's, London, 2001).jpg","2"
"The Paradise (London, 1929).jpg","2"
"Allegory of Fire^% Venus in the Forge of Vulcan (Plymouth).jpg","6"
"Village Street with Trees.jpg","5"
"Wide Busy Road with Figures and Animals in a Village.jpg","4"
"Boats in a Canal.jpg","0"
"Wooden Summerhouse.jpg","4"
"Temple of Fortuna Virilis.jpg","4"
"Orpheus enchanting the trees and animals with his lyre (Dorotheum, Vienna, 1996).jpg","2"
"Studies of a Pig Market.jpg","6"
"A Drinker in a Jug (United States, Private Collection).jpg","3"
"Interior of a Cathedral.jpg","6"
"Wooden Shed.jpg","4"
"No Room at the Inn (Germany).jpg","5"
"Wedding Celebration in a Barn (Hermsen Collection).jpg","6"
"The Waterfalls in Tivoli.jpg","0"
"Fish Market in a Riverside Village.jpg","8"
"Interior of a Gothic Church Looking East (London, 1443).jpg","6"
"Venus Mourning the Death of Adonis.jpg","1"
"Kermis (Moscow).jpg","6"
"Village Scene (Amsterdam).jpg","0"
"Rocky Landscape with St. Wendelin.jpg","5"
"Allegory of Air (London).jpg","8"
"The Vision of St. Hubert (Madrid).jpg","5"
"Allegory of Air and Fire (The Hague).jpg","6"
"Man on Egg (Antwerp).jpg","3"
"Allegory of Fire (Stuttgart).jpg","6"
"Landscape with Fort near Harbor.jpg","0"
"The Raid (Toronto).jpg","1"
"Basket of Flowers (New York).jpg","9"
"Orpheus (London 1938).jpg","2"
"The Road to Calvary (Zurich).jpg","2"
"The Ruins of Castle Merxem, near Antwerp.jpg","4"
"Adoration of the Magi (St. Petersburg).jpg","5"
"Allegory of Fire^% Venus in the Forge of Vulcan (Monaco).jpg","6"
"Cartouche Around Pastoral Scene (Dusseldorf).jpg","9"
"Allegory of Earth and Water (Dusseldorf).jpg","1"
"Portrait of Archduke Albrecht of Austria.jpg","7"
"Garland around an Medallion of Madonna and Child and Saint John the Baptist, with the Apostles in Four Corners (New York, Christie's).jpg","7"
"Aeneas and Sibyl in the Underworld (Amsterdam).jpg","1"
"Village Road, Cruybeke.jpg","4"
"Feast of the Gods with Marriage of Peleus and Thetis.jpg","5"
"View of a Village by a River with a Watermill.jpg","4"
"Country Road with Travelers and Man Praying at Shrine.jpg","1"
"Mountainous Landscape with Travelers on a Hilly Road.jpg","0"
"Visit to the Farmers (Brussels, Goidsenhoven).jpg","6"
"Peasant dance, feast (Antwerp).jpg","6"
"Village Kermis.jpg","1"
"The Misanthropist (Unknown Collection).jpg","3"
"Bird Concert (De Jonckheere, Paris-Brussels).jpg","5"
"Country Road.jpg","0"
"Rocky Landscape with Flight into Egypt (London).jpg","3"
"Landscape with Travelers.jpg","1"
"Fruit Garland with Madonna and Child.jpg","5"
"River with Boats, Lined with Trees and Houses.jpg","0"
"Temptation of St. Anthony (Germany).jpg","1"
"Ships at a Jetty.jpg","4"
"View of City along a River.jpg","1"
"Allegory of Sight and Smell.jpg","5"
"Flowers in a Tazza (Netherlands).jpg","9"
"Orpheus Sings for Pluto and Proserpina (London).jpg","5"
"John the Baptist in a Cartouche with Flowers - Pendant (Christie's, London, 2006).jpg","5"
"Adoration of the Magi (Rome).jpg","5"
"Wooded Landscape with Hunters.jpg","1"
"Cartouche with Flowers Around an Amorous Couple (Munich).jpg","9"
"Study with Riders, Figures, and Cattle.jpg","4"
"Proverb ^% 'Woman with pot of water'.jpg","3"
"Coastal Landscape with Temple of Vesta (London).jpg","1"
"Mountain Landscape with Hermits (London).jpg","3"
"Coaches on the Road.jpg","4"
"River Landscape with Temple of Vesta.jpg","3"
"Diana and Her Nymphs After the Hunt.jpg","5"
"Visit to the Farmers (Monaco, Sotheby's).jpg","5"
"The Roman Forum and the Round Temple.jpg","0"
"Mountain Landscape with Tivoli Temple and Gypsies.jpg","1"
"The Death of Orpheus.jpg","2"
"Roadside Chapel on a Hill.jpg","8"
"Canal through a Village.jpg","4"
"Landscape with Mariemont Castle.jpg","1"
"A Garland of Flowers Surrounding the Virgin and Child (Lempertz, Cologne, 2006).jpg","7"
"Allegory of Peace.jpg","5"
"Feast of the Gods with Musical Nymphs.jpg","5"
"A Bridal Feast (Unknown).jpg","6"
"Plowman, Two Horses, Woman, and Child.jpg","4"
"Rocky Landscape with Hermits.jpg","8"
"Albert and Isabella before Mariemont Castle.jpg","1"
"Holy Family in a Landscape (Munich).jpg","5"
"Village Wedding Procession (Madrid).jpg","5"
"View of a Walled City.jpg","4"
"Wide Landscape with Wagons (Marseille).jpg","1"
"Landscape with one of the four elements^% Air (Sotheby's, London, 1993).jpg","2"
"Visit to the Farmers (London, Old Masters Galleries).jpg","5"
"Procession of the Bride (Brussels, 1935).jpg","6"
"Holy Family with Putti in a Landscape.jpg","6"
"Road with a Ford in a Wood.jpg","1"
"Allegory of Fire (Paris).jpg","6"
"Flowers in Earthenware Vase (Netherlands).jpg","9"
"Forest Landscape with the Appearance of the Lord to Abraham at Mamre.jpg","3"
"Road through the Countryside with Travelers.jpg","1"
"Bright Forest Landscape with Hunters.jpg","8"
"Figure Study with Riders and Dancing Peasants.jpg","4"
"Netherlandish Proverbs (unknown).jpg","5"
"Procession in the Winter.jpg","3"
"River Landscape with Landing Stage (Amsterdam).jpg","1"
"Madonna and Child Surrounded by Cartouche and Flower Garlands (Paris, Gallery V).jpg","9"
"The Temptation of Saint Anthony.jpg","1"
"Diana's Nymphs After Fishing.jpg","5"
"Baptism of Christ (Munich).jpg","6"
"The Triumph of Death.jpg","5"
"Entry into Noah's ark (Dessau).jpg","2"
"Road on a Wooded Hillside with Travelers.jpg","1"
"Study of birds (London, 1963).jpg","6"
"Birds Sitting on a Branch.jpg","4"
"Venus in the Forge of Vulcan.jpg","6"
"Roundel^% Man Playing on Jaw Bone and Fruit Plate (recto-verso).jpg","3"
"Landscape with Two Windmills and Town.jpg","6"
"The Sense of Touch (Vienna).jpg","6"
"Peasant Brawl.jpg","5"
"Holy Family in a Landscape.jpg","6"
"Mountain Landscape (Ottawa).jpg","0"
"Flowers in a Wooden Tub (Amsterdam).jpg","9"
"Forest Landscape with Stream.jpg","8"
"Allegory of Air (Lyon).jpg","1"
"Allegory of the Four Elements.jpg","1"
"Road at Edge of a Hill with Travelers.jpg","8"
"Mountain Landscape (Paris).jpg","0"
"Country Road^% Allegory of Autumn.jpg","3"
"Road to Market.jpg","8"
"Holy Family in a Landscape with John the Baptist (London).jpg","5"
"Country Road with Travelers.jpg","8"
"Allegory of Fire^% Venus in the Forge of Vulcan (Mosigkau).jpg","6"
"Cattle Crossing by a Country Road.jpg","5"
"Travelers on Flooded Road Near a Windmill.jpg","1"
"Landscape with the Temptation of Christ.jpg","4"
"Adam and Eve (no location).jpg","8"
"The Fall of Man (Paris).jpg","6"
"&%If a rich man plays on asses jawbone, it's still music&%.jpg","3"
"Mountain Landscape with Flight into Egypt.jpg","1"
"View of the Town of Spa.jpg","2"
"Forest Landscape.jpg","8"
"Resting at the Windmill (Paris).jpg","1"
"Visit to the Farmers (Copenhagen).jpg","5"
"Kermis (unknown).jpg","6"
"The Continence of Scipio.jpg","2"
"Visit to the Farmers (Paris, Fondation Custodia).jpg","2"
"Flowers Wreath in a Tazza (London, Royal Academy).jpg","9"
"From the Series of the Elements^% Air (Saltram House).jpg","6"
"Small Study of a Man to Right with a Fishing Rod.jpg","4"
"Wedding Dance Outdoors (Germany, Private).jpg","5"
"Diana and Her Nymphs Asleep, Spied Upon by Satyrs.jpg","5"
"Venus as Ceres with Apollo.jpg","6"
"Madonna and Child with Angels in a Landscape (Cologne).jpg","5"
"Allegory of the Four Elements (Vienna).jpg","5"
"The Animals approaching Noah's ark (Christie's, London, 1988).jpg","2"
"Bouquet in a Glass Vase (Frankfurt).jpg","9"
"The Sixth Day of Creation^% God the Father appoints Adam as Steward over the paradise (Part of a series) (Christie's, London).jpg","5"
"Landscape with Hermits.jpg","0"
"Peasant Wedding Procession (Sotheby's, London, 1973).jpg","5"
"Sailboats at Anchor in Calm Water.jpg","4"
"Travelers Meeting Band of Gypsies on Mountain Pass.jpg","1"
"Kermis te Hoboken (unknown).jpg","4"
"Flowers in Basket and Tazza (Budapest, Szepmuveszeti).jpg","9"
"Hermit with Vegetable Garden and Distant Landscape.jpg","1"
"Flowers in a Wooden Tub (Vienna).jpg","9"
"A Road Through the Woods.jpg","0"
"Allegory of Fire^% Venus in the Forge of Vulcan (Trafford Park).jpg","6"
"Allegory of the Four Elements (Budapest).jpg","6"
"(Kermis) .jpg","6"
"Venus and Mars.jpg","1"
"Winter Scene with Boats and Skaters.jpg","2"
"Madonna and Child Standing on a Globe Enthroned in Flowers and Birds (London, Baring Fine Art).jpg","6"
"The Flatterers (Amsterdam).jpg","4"
"Landscape with Wagon Train.jpg","3"
"Broad Landscape with Dairy Farming.jpg","5"
"View of the Church of St. James in Nuremberg.jpg","0"
"Last Judgement.jpg","8"
"Noah's Ark (Paleis voor schone Kunst, Brussels, 1976).jpg","6"
"The Madonna and Child in a Garland of Flowers (Amsterdam, Douwes Fine Art).jpg","7"
"Art Market Kermis.jpg","8"
"The Ark of Noah (Barcelona).jpg","2"
"The Three Windmills .jpg","4"
"Series of Four Elements^% Earth as Paradise (Stuttgart).jpg","2"
"The Bridal Procession (Christie's, London, 2000).jpg","5"
"The Arch of Septimus Severus Seen from the West.jpg","6"
"Christ and Apostles Resting on Hill Outside Jerusalem (Florence).jpg","8"
"Mountainous Landscape with a Grazing Herd.jpg","0"
"The Forum Boarium and S. Maria in Cosmedin, Rome.jpg","0"
"Landscape with Country House and Farms.jpg","0"
"Fruit Garland with Offering to Ceres (Brussels).jpg","7"
"Landscape with Moated Castle.jpg","4"
"Wedding Dance in a Barn (Brussels, 1926).jpg","6"
"Nymphs Sleeping After the Hunt, Spied on by Satyr.jpg","5"
"Flowers in Earthenware Vase (Private Collection II).jpg","9"
"The Peasant and the Nest Robber (Bern).jpg","5"
"Allegory of Fire^% Venus in the Forge of Vulcan (London, Christie's).jpg","6"
"Aeneas and Sibyl in the Underworld (Rome).jpg","5"
"Diana and Actaeon (Kassel).jpg","5"
"Forest Landscape with Hunters (Germany).jpg","8"
"Village Street (London).jpg","0"
"Kunstkammer (Unkown).jpg","6"
"Adoration of the Magi (Braunschweig, Herzog Anton Ulrich-Museum).jpg","6"
"Allegory of the Four Elements (Milan).jpg","2"
"Fall of Man (Paris 1937).jpg","2"
"Flowers in a Chinese Vase (Madrid).jpg","9"
"Boats on a Wide River with Trees, Houses, and Figures.jpg","4"
"Allegory of Fire^% Venus at the Forge of Vulcan (New York).jpg","1"
"Forest Landscape with Hunters.jpg","1"
"Harbor in Willebroek by Boom.jpg","0"
"Visit to the Farmers (Antwerp).jpg","6"
"Flora and Zephyr.jpg","5"
"Genre Scene by the Sea.jpg","4"
"Mountain Landscape with a Hermit Reading in front of Ruins (St. Anthony).jpg","2"
"Riverside Village with Landing Stage.jpg","5"
"Diana and Actaeon (Munich).jpg","6"
"Dancing Peasants on a Roadway.jpg","8"
"Flowers in a Blue Painted Vase.jpg","9"
"Landscape with Cattle.jpg","0"
"Flower Garland Around Sepia Depiction of Nativity Scene (Maastricht, Fine Art Fair).jpg","9"
"Allegory of Fire^% Venus in the Forge of Vulcan (London, Christie's, 1999).jpg","6"
"Going to market.jpg","0"
"Paradise Landscape with Noah's Ark (Los Angeles, J. Paul Getty Museum).jpg","8"
"A Garland of Flowers Surrounding the Virgin and Child (Christie's, New York, 2002).jpg","7"
"Landscape with Woodcutters.jpg","4"
"Landscape with Travelers on a Woodland Path.jpg","1"
"Bouquet in a Glass Vase (Amsterdam).jpg","9"
"Square with Houses and a Tree.jpg","4"
"Peasant dance, Feast (Hepke, Berlin, 1907).jpg","6"
"Hell Scene (Amsterdam).jpg","1"
"Gallery Interior with Dog and Parrot.jpg","6"
"Village Scene with a Forge.jpg","8"
"Allegory of Fire^% Venus in the Forge of Vulcan (Stockholm).jpg","5"
"Allegory of Sound - Birds (Milan).jpg","2"
"Rest on the Flight into Egypt (Glasgow).jpg","5"
"Entry into Noah's Ark (Utrecht).jpg","6"
"Earthly Paradise and Temptation of Adam and Eve (Seville).jpg","2"
"Flowers in Earthenware Vase (Private Collection).jpg","9"
"Diana and Her Nymphs Fishing (Allegory of Air, Water & Earth).jpg","5"
"Rest on the Flight into Egypt with Tivoli Temple (Germany).jpg","1"
"Snowy Village on a HIll.jpg","1"
"Peasant Dance, wedding (Landschut).jpg","6"
"View of Bakkers Veer, Netherlands.jpg","4"
"River Landscape with Landing Stage.jpg","8"
"River Landscape with Landing Stage (Berlin).jpg","8"
"Herse Being Prepared for her Wedding.jpg","6"
"Winter Village Landscape.jpg","8"
"Wedding Dance Out of Doors (Antwerp).jpg","6"
"A Paradise scene (Sotheby's, London, 1985).jpg","2"
"River with Landing Stage.jpg","8"
"Winter Landscape with Angels Strewing Flowers.jpg","2"
"Fire^% The Forge of Vulcan.jpg","1"
"Peasant Dance, Wedding (Basel).jpg","6"
"Crossing in the Forest.jpg","5"
"Bouquet in a Glass Vase (Munich).jpg","9"
"Diana's Nymphs After the Hunt.jpg","5"
"Forest Road with Woodcutter.jpg","8"
"Procession of the Bride (pendant) (Zurich, 2001).jpg","6"
"Bouquet in a Stoneware Vase.jpg","9"
"Study of Figures, Two Dogs and a Fish (recto); Light Sketch of Two Figures and a Man on Horseback (verso).jpg","4"
"Hilly Landscape with Village in the Foreground.jpg","4"
"Reconciliation of Jacob and Esau (Solingen).jpg","8"
"Forest Landscape with Flight into Egypt (Frankfurt).jpg","8"
"Peasants with Cattle and Wagons on a Road.jpg","0"
"Hell Scene.jpg","6"
"Flemish Landscape.jpg","0"
"The Rape of Proserpina.jpg","5"
"Orpheus Playing for the Animals (Paris).jpg","5"
"Flower Garland Around the Virgin and Child (Milan).jpg","7"
"Set of 9 Proverb Roundels.jpg","7"
"River Landscape with Travelers on a Road (Munich).jpg","1"
"Birds for an Allegory of Air.jpg","0"
"Landscape with a Windmill on a Hill.jpg","1"
"Gallery Interior with Archdukes Albert and Isabella.jpg","5"
"Flemish Village.jpg","0"
"Peasant Dance, wedding (Nimes).jpg","6"
"River Banks.jpg","4"
"Flowers in a Wooden Tub (Paris).jpg","9"
"Landscape with Hermit and Gypsies (Milan).jpg","8"
"Procession into Noah's Ark (New York).jpg","0"
"Netherlandish Proverbs (London, Christie's).jpg","6"
"Adoration of the Magi (London, Christie's, 1950).jpg","6"
"Vertical Flower Garland with Putti (Madrid).jpg","2"
"The Misanthropist (Naples).jpg","3"
"The Earthly Paradise (Tajan, Paris, 1998).jpg","5"
"Village Landscape with Fire and Full Moon .jpg","1"
"Village Meeting Place under Two Old Trees.jpg","4"
"The Flood with Noah's Ark (Kassel).jpg","8"
"Venus and Adonis.jpg","8"
"Wide River Landscape with Resting Travelers.jpg","1"
"The Maypole (Berlin, Lange, 1939).jpg","6"
"Allegory of Air and Fire.jpg","5"
"Peasants Dancing at a Wedding (Philadelphia).jpg","5"
"Road at the Edge of a Forest, with the Flight into Egypt (St. Petersburg).jpg","1"
"Dutch Landscape with Windmills.jpg","0"
"View of a Village with a Lock.jpg","0"
"Village Road with a Pond and Cattle.jpg","4"
"Country Road on the Edge of the Forest with Peasants and Wagons on the Way to Market.jpg","0"
"The Adoration of the Magi (London, Sotheby's).jpg","5"
"Sailing Vessels on a River and Three Men in a Rowing Boat.jpg","1"
"Bouquet of Flowers in a Chinese Vase (Germany).jpg","9"
"Wide River Landscape with Travelers.jpg","1"
"Street in Prague.jpg","4"
"Crucified Christ before Jerusalem-Crucifixion.jpg","6"
"Battle of the Amazons (Private Collection).jpg","5"
"Roman Ruins, Possibly the Colosseum.jpg","0"
"Garden of Eden with Creation of Eve.jpg","1"
"Waterfalls in Tivoli (recto and verso).jpg","0"
"God makes Adam steward of the flora and fauna (Sotheby's, London).jpg","5"
"Wooded Landscape with a Family of Bears, Deer, and Other Wild Animals.jpg","0"
"The Paradise (Zurich).jpg","6"
"View of Saint Michael's Abbey.jpg","4"
"Ships in a Bay.jpg","4"
"Wagons in the Village Street.jpg","4"
"River with Landing Stage by Village^% Sorting Catch of Fish.jpg","8"
"Paradise with central horse (unknown).jpg","6"
"Landscape with Sportsmen.jpg","0"
"Road Along a Hilltop.jpg","8"
"Flowers in Basket and Tazza (The Hague, Dietel).jpg","9"
"Adoration of the Magi (Antwerp, Koninklijk).jpg","6"
"Marriage of Neptune and Amphitrite^% Feast of the Gods.jpg","2"
"Three wild boar and deer.jpg","0"
"Wedding Celebration in a Barn (Philadelphia).jpg","6"
"Various Groups of Figures.jpg","4"
"Allegory of Fire^% Venus in the Forge of Vulcan (Dortmund).jpg","6"
"Italian Landscape with Travelers.jpg","8"
"The Conversion of Saul.jpg","8"
"The Fall of Man (Berlin).jpg","2"
"The Raid of the Baggage Caravan.jpg","1"
"Forest Landscape (Antwerp).jpg","4"
"Cityscape with Busy Street.jpg","1"
"Aeneas Carrying Anchises from the Burning Troy (Private Collection).jpg","6"
"Village Canal (Paris).jpg","8"
"Three Wagons; Wagons, Horses, and Peasants (verso).jpg","4"
"Rest on the Flight into Egypt (Munich).jpg","3"
"A Garland of Flowers, Fruit and Vegetables with the Holy Family in a River Landscape Beyond (Amsterdam. Douwes).jpg","1"
"The Kermis at Hoboken (Chartres).jpg","6"
"Seascape with Rocks.jpg","1"
"Street with Horse-Drawn Carts in a Hilly Landscape.jpg","0"
"St. Jerome in a Mountainous Landscape (Belgium).jpg","1"
"Diana After the Hunt.jpg","5"
"Peasants Dancing in a Circle.jpg","0"
"Forest Landscape with Stag Hunt.jpg","5"
"Fruit Garland with Madonna, Child and John the Baptist.jpg","5"
"A View of Spa.jpg","0"
"Allegory of Vanity^% The Feast of the Monkeys.jpg","5"
"Forest Landscape with Deer Hunting.jpg","8"
"Diana and Actaeon (Zurich).jpg","5"
"Adoration of the Magi (London).jpg","5"
"Allegory of the Five Senses.jpg","5"
"Woman Carrying Water in One Hand and Fire in the Other in Winter Landscape (Switzerland, Private Collection).jpg","3"
"Village Street with St. Martin.jpg","8"
"Baptism of Christ (Private Collection).jpg","5"
"Woodland Scene with Travellers to the Market.jpg","0"
"Fruit Garland with Holy Family in a Landscape.jpg","6"
"Wedding Procession to a Church (Brussels).jpg","5"
"The Prophecy of Isaiah (Munich).jpg","5"
"Helicon or Minerva's Visit to the Muses.jpg","1"
"A Wedding Dance in an Interior (Philip's, London, 1990).jpg","5"
"The Bittern-Hunter.jpg","1"
"The Wedding Procession (Sotheby, Monaco, 1989).jpg","5"
"River Landscape with Landing Stage (Amsterdam RP-T-1881-A-132).jpg","0"
"The Holy Family with John the Baptist in a Landscape Surrounded by Fruit and Flower Garlands (London, Sotheby's, 2004).jpg","5"
"Forest Landscape with Woodcutters (Flight into Egypt) (St. Petersburg).jpg","1"
"Temptation of St. Anthony (New Haven).jpg","2"
"Allegory of Fire^% Venus in the Forge of Vulcan (Raehills).jpg","6"
"Bouquet in a Glass Vase (Washington).jpg","9"
"Allegory of Air (Rome).jpg","1"
"To close the barn door after the horse has bolted (pendant).jpg","3"
"Wedding Celebration in a Barn (Brussels, 1950).jpg","6"
"Wedding Celebration in a Barn (Christie's, New York, 1978).jpg","6"
"The Flatterers (London, Sotheby's).jpg","3"
"Stream Through Farmland (London).jpg","8"
"Venetian Harbor Scene.jpg","5"
"Fruit and Flower Garland Around the Virgin and Child (Switzerland).jpg","7"
"Temptation of St. Anthony (France).jpg","8"
"View in a Valley from the Edge of a Mountain Road.jpg","0"
"Six Chicken Studies.jpg","4"
"Rest on the Flight into Egypt (Germany).jpg","1"
"Landscape with a stag hunt.jpg","0"
"Paradise Landscape with Fall of Man (New York, Gallery William Doyle).jpg","1"
"Temptation of St. Anthony (Kassel).jpg","1"
"Travelers on a Forested Road.jpg","8"
"Landscape with Mills and Wagons.jpg","0"
"Peasants Loading a One-horse Cart with Root Vegetables.jpg","0"
"Allegory of Air and Fire (London, Christie's, 2009).jpg","5"
"Allegory of Fire^% Venus in the Forge of Vulcan (Berlin).jpg","8"
"Covered Farm Wagon Pulled by Three Horses.jpg","4"
"Landscape with the Good Samaritan.jpg","8"
"Feast of the Gods with Marriage of Bacchus and Ariadne.jpg","5"
"He who knows where the nest is, knows how to get it (pendant).jpg","3"
"Rocky Coastal Landscape with Fishmongers.jpg","1"
"Venus in the Smithy of Vulcan.jpg","4"
"Madonna and Child in a Flower Garland (Gerardsbergen).jpg","7"
"A Summer Landscape with Harvesters.jpg","1"
"The Crucifixion (Vienna).jpg","5"
"Allegory of Fire (Milan).jpg","8"
"Oil Sketch of Dogs.jpg","6"
"Fish Market by a River.jpg","1"
"Orpheus Playing for the Animals (Ipswich).jpg","8"
"Garland of Flowers Around a Medallion with a Flute-PLaying Shepherd (Vienna).jpg","7"
"Bouquet in a Small Glass Vase (Zurich).jpg","3"
"View of Tivoli.jpg","0"
"The Paradise of Animals (Dorotheum, Vienna, 1996).jpg","5"
"Coastal Landscape with Sacrifice of Jonah (London).jpg","5"
"Watermill in a Wooded Landscape.jpg","4"
"Venus and Amor (St. Petersburg).jpg","5"
"River Landscape with Landing Stage on the Left (Private Collection).jpg","1"
"Village Landscape with a Wood Cutter.jpg","1"
"Flower Garland Around Madonna and Child Adored by Angels (London, Christie's, 2002).jpg","7"
"Country Road with Halt of a Convoy.jpg","1"
"Visit to the Farmers (Florence).jpg","5"
"Mountain Landscape with Rest on the Flight into Egypt (Switzerland).jpg","1"
"Tazza with Flowers Tumbling over the Bowl.jpg","0"
"Basket and Glass Vase of Flowers (Amsterdam).jpg","6"
"Seven Sailboats.jpg","4"
"Kermis (Turin).jpg","1"
"&%Castello Vissehrad&% Vestigi delle antichita di Roma Tivoli Pozzuolo et altri luochi.jpg","0"
"Boats on a Wide Tree-Lined River, Houses and Figures.jpg","4"
"No Room at the Inn (Netherlands).jpg","5"
"The Triumph of Death (Private Collection).jpg","1"
"Dancing Peasants at a Wedding Feast in the Open Air (Christie's, London, 2002).jpg","5"
"The Bridegroom's Procession (Sotheby's, London, 1983).jpg","6"
"Landscape with Birds.jpg","8"
"Woodland Landscape with River, Crossing, and Castle.jpg","0"
"Pig Market.jpg","4"
"Sketches of Carts and Horses.jpg","4"
"Flower Garland and Stone Cartouche Around Adoration of the Magi Scene (Madrid, private).jpg","9"
"Rome^% View of the Forum, with Columns of the Temple of Castor and Pollux.jpg","0"
"The Village Wedding Dance (Brussels).jpg","5"
"Proverb^% Letting the Cat out of the Bag.jpg","3"
"Adoration of the Magi (Antwerp).jpg","5"
"Roundel^% Misanthropist and Fruit Plate (recto-verso).jpg","3"
"Nymphs Sleeping After the Hunt, Spied on by Satyr (Santa Fe).jpg","1"
"Woodland Scene with Bears.jpg","0"
"Village Kermis in Schelle with Self Portrait.jpg","1"
"Garden of Eden (Yale 1961.62.26).jpg","0"
"Hilly Landscape with Riders (London).jpg","1"
"Venus and Amor as Allegory of Abundance.jpg","5"
"Road Along a Hilltop (Munich).jpg","1"
"Fishing Port Willebroek at Booms.jpg","0"
"Forge in the Forest.jpg","4"
"The Paradise (Weinmuller, Munich).jpg","6"
"Marriage of Neptune and Amphitrite^% Feast of the Gods by the Sea.jpg","6"
"Destruction of the Five Cities (Lot and his Daughters Fleeing Sodom) (Milan).jpg","5"
"Cartouche around Two Men in Garden (Maastricht).jpg","9"
"Peasant Wedding and Dance (Sotheby's, New York, 1993).jpg","6"
"Procession of Bridegroom (Sotheby's, New York, 1990).jpg","6"
"Preaching of John the Baptist (Los Angeles).jpg","5"
"Flower Garland Around Adoration of the Magi (Madrid, Prado).jpg","9"
"Figures and a Wagon near an Inn.jpg","4"
"Harbor Scene.jpg","0"
"Marriage of Peleus and Thetis (Dresden).jpg","5"
"The Misanthropist (New York, Sotheby's).jpg","3"
"The Sense of Touch (London).jpg","6"
"Forest Landscape with Resting Riders.jpg","8"
"Peasant Wedding (Christie's, London, 1994).jpg","6"
"Ancient Ruins.jpg","0"
"Country Road with Elegant Travelers, Including Nursing Mother.jpg","1"
"Mouse, Rose, and Butterfly (Paris).jpg","4"
"Landscape with Noble Company.jpg","8"
"Two Peasants Binding Sticks (Brunswik).jpg","3"
"Allegory of Fire^% Venus in the Forge of Vulcan (Florence).jpg","5"
"Rock Landscape with a Waterfall .jpg","1"
"River Landscape with Landing Stage (Vienna).jpg","1"
"Woodland Landscape with Travelers on a Path.jpg","5"
"View of the Harbor of Naples with Castel Nuovo.jpg","0"
"Flowers in a Wooden Tub with Tulip (Paris).jpg","9"
"Adoration of the Magi (Vienna).jpg","5"
"Orpheus and the Thracian Women.jpg","5"
"Wedding Celebration in a Barn (Paris, Bokanowsky).jpg","6"
"Houses on the River.jpg","0"
"Forest Landscape with Hunters (New York).jpg","1"
"Returning from the Market.jpg","1"
"Adoration of the Magi (Stausburg).jpg","6"
"No Room at the Inn (London).jpg","6"
"People in a Sailing Boat.jpg","6"
"View of the City of Rome with the Tiber, Castel Sant' Angelo and St. Peter's.jpg","0"
"Two Groups of Men in Hats.jpg","4"
"Riverscape with boats.jpg","2"
"River Landscape with Landing Stage at a Village.jpg","1"
"View on the Ground Floor of the Colosseum in Rome.jpg","0"
"Village Traversed by a River.jpg","0"
"Seascape with Fortification.jpg","1"
"Garden of the Janshoven Castle.jpg","1"
"Studies of Peasants.jpg","0"
"Orpheus Sings for Pluto and Proserpina.jpg","5"
"Allegory of Fire^% Venus in the Forge of Vulcan (England).jpg","5"
"Village Scene (Antwerp).jpg","4"
"Allegory of Fire^% Venus in the Forge of Vulcan (London, Phillips, 1994).jpg","6"
"Landing Stage Near a Village.jpg","5"
"Allegory of Fire^% Venus in the Forge of Vulcan (London).jpg","6"
"Flower Garland with the Holy Family and John the Baptist (Geneva).jpg","7"
"Seagoing Vessels at Anchor in Calm Water.jpg","4"
"Feast of the Gods.jpg","6"
"Church of St. Martin at Asse in Brabant, Belgium.jpg","0"
"The Garden of Eden (Gallerie Mullenmeister, 1983).jpg","6"
"Floral Wreath.jpg","4"
"Angels with Fruit Garland (Germany).jpg","7"
"River Landscape with Bathers (London).jpg","8"
"Landscape with Windmill (Cambridge).jpg","1"
"View of the Temple of Minerva Medica, Rome.jpg","6"
"Ponte San Rocco at Tivoli.jpg","4"
"Man Feeding Pigs.jpg","3"
"The Bird Trap.jpg","8"
"Extensive Landscape with Travelers on a Country Road.jpg","5"
"Fantastic Cave with Odysseus and Calypso.jpg","6"
"To Fill up the Well after the Calf has drowned (Antwerp, Koninklijk).jpg","3"
"Adam and Eve in Paradise (Ottawa).jpg","8"
"Flowers in a Wooden Tub (The Hague).jpg","2"
"Flowers in Basket and Tazza (Hartford).jpg","9"
"Netherlandish Proverbs (Lier).jpg","6"
"Village Canal with Landing Stage.jpg","8"
"The Adoration of the Magi (Amsterdam, Sotheby's).jpg","5"
"Wide Landscape with Hunters, Hounds, and River.jpg","0"
"The Paradise (The Hague).jpg","8"
"Grain Harvest (Madrid).jpg","1"
"Flowers in a Sculpted Vase with Orange Blossom (Private Collection).jpg","9"
"Tazza with Wreath of Flowers and Box of Jewels and Coins (Christie's, London).jpg","9"
"Feast of the Gods (Roxburghshire).jpg","6"
"Country Road with Cattle and Travelers.jpg","8"
"Allegory of Fire (London, Christie's, 1926).jpg","6"
"The Kermesse of the Feast of St. George (London, Philips, 1990).jpg","5"
"A Bridal Procession (Brussels).jpg","5"
"Wedding Celebration in a Barn (Sotheby's, London, 1937).jpg","6"
"Allegory of Touch, Hearing and Taste.jpg","5"
"Peasant Wedding and Dance (Sotheby's, London, 1995).jpg","5"
"Study with Wagons, Cattle, Farmers, and Riders.jpg","4"
"Tower Bridge of Castle of Tervuren, seen from the Southeast.jpg","0"
"Procession of the Bride (Bohler, Munich, 1937)  .jpg","6"
"Temptation of Christ (Vienna).jpg","2"
"Tazza with Wreath of Flowers and Box of Jewels and Coins (Brussels).jpg","9"
"Entry of the Animals into Noah's ark (Christie's, Monaco, 1991).jpg","5"
"Harbor with a Fish Market.jpg","0"
"Women Bleaching.jpg","4"
"Forest Landscape with a Pond (Germany).jpg","1"
"Tower Bridge of Castle of Tervuren, seen from the Northwest.jpg","4"
"Fruit Garland with Offering to Ceres.jpg","7"
"Flower Garland Around a Cartouche Framing the Madonna and Child (Vienna, Dorotheum, 1998).jpg","9"
"Bouquet with Mourning Iris in a Stoneware Vase (Germany).jpg","9"
"Paradise Landscape with Entry of Animals into Noah's Ark (Italy, Private Collection).jpg","5"
"Kermis scene (Brussels, 1930).jpg","0"
"Canal Landscape with Two Workshops at the Banks.jpg","5"
"Preaching of John the Baptist (London).jpg","8"
"Triumph of Bacchus (Glasgow).jpg","6"
"Flowers in a Decorated Ceramic Vase (Antwerp).jpg","9"
"Flemish Village with a River or Canal in the Foreground.jpg","1"
"Winter Landscape with Travellers (Budapest).jpg","0"
"River Landscape with Fishing Boats.jpg","0"
"Winter Village Landscape with Ice Skating.jpg","5"
"Sailboats on a Canal.jpg","0"
"Forest Landscape with Hunters (Private Collection).jpg","6"
"Mountainous Landscape with Two Figures at Left.jpg","4"
"Christ and the Apostles in the Tempest on the Sea of Galilee (Madrid).jpg","5"
"Peasant Dance for the Archdukes (Madrid).jpg","5"
"Flower Garland Around the Virgin and Child (Sermentizon).jpg","7"
"Rest on the Flight into Egypt (Vienna).jpg","2"
"Dead deer, rabbits and birds.jpg","6"
"Entrance to a Village with a Windmill.jpg","5"
"Bouquet in a Sculpted Vase Beside a Wreath of Flowers (Berlin).jpg","9"
"Christ and the Adulterous Woman (Private Collection).jpg","6"
"Wild boar, deer, heron and rabbit.jpg","6"
"Visit to the Farmers (Brussels, Finch).jpg","5"
"The Goose-Shepherd (London, Christie's).jpg","3"
"Rome^% Temple of Fortuna Virilis and the House of Crescentius.jpg","4"
"Paradise Landscape with the Fall of Man (Hampton Court, Royal Collections).jpg","8"
"Infanta Isabella before Mariemont Castle.jpg","5"
"Flower Garland Around the Virgin and Child (Madrid).jpg","7"
"View in Rome with S. Maria in Cosmedin, the Round Temple, and the So-Called Temple of Fortuna Virilis.jpg","0"
"Windmill in a River Landscape.jpg","1"
"The Creation of Eve (Paris).jpg","2"
"Landscape with Village near Crossroads and Distant View.jpg","0"
"Marriage of Peleus and Thetis.jpg","5"
"Harbor Pier.jpg","4"
"Two Peasants Binding Sticks (Birmingham Institute).jpg","5"
"Skaters on a Frozen Canal.jpg","0"
"Flowers in Earthenware Vase (Vienna).jpg","9"
"Boats Sailing on a River, a Country House in the Distance.jpg","4"
"The Sense of Touch.jpg","6"
"Wooded Landscape with Wagon.jpg","4"
"Village Landscape with Cows.jpg","1"
"Allegory of Water (Lyon).jpg","1"
"Figures and Wagons.jpg","4"
"Forest Landscape (Cologne).jpg","1"
"Studies of Boots and Barges.jpg","4"
"The Paradise of animals (Berlin).jpg","2"
"Putti Dancing and Making Music.jpg","5"
"River Landscape with Dock.jpg","1"
"Man on Egg (London, British Museum).jpg","4"
"Adoration of the Magi (London, Phillips).jpg","6"
"The Holy Family with Cherubs in a Landscape Set in a Wreath of Fruit and Vegetables (Amsterdam, Sotheby's).jpg","5"
"View of a City before Hills.jpg","0"
"The Sense of Taste.jpg","6"
"Allegory of Fire^% Venus in the Forge of Vulcan (Brussels).jpg","6"
"Mountain Landscape with Ruins.jpg","1"
"Country Road with Three Riders.jpg","4"
"Forest Landscape with a Pond.jpg","8"
"Flowers in a Sculpted Vase (Stockholm).jpg","9"
"Holy Family in a Flower Garland (Dresden).jpg","7"
"Tivoli Waterfall Seen from a Cave.jpg","0"
"The Paradise (New York, 1957).jpg","8"
"Flowers in a Sculpted Vase (Paris).jpg","9"
"Visit to the Farmers (Paris, Drouot).jpg","2"
"Contemporary Crane and Shipping.jpg","4"
"Village Canal with Fishing Boat.jpg","8"
"Resting in a Forest Landscape.jpg","3"
"Peasants Dancing at a Village Wedding (Christie's, London, 1996).jpg","5"
"Madonna and Child in a Flower Garland with Putti (Munich).jpg","7"
"Peasant Wedding Dance (Rotterdam).jpg","6"
"Stream Through Farmland (Salzburg).jpg","1"
"Wooded Landscape with Travelers and an Upset Cart.jpg","5"
"Fruit Garland with Holy Family (Amsterdam).jpg","6"
"Roebuck Sketch.jpg","6"
"Rocky Landscape (Yale).jpg","4"
"Village View with Boats.jpg","4"
"Allegory of Summer.jpg","8"
"Departure of St. Paul from Caesarea.jpg","5"
"Procession of the Bride (Sotheby's, New York, 1990).jpg","6"
"Mary with Christ, John and Putti in a Landscape.jpg","5"
"Sheet of Various Studies for a PIcture of the Terrestrial Paradise.jpg","4"
"Allegory of the Four Elements (Brussels).jpg","6"
"Judgment of Paris.jpg","5"
"The Misanthropist (London Christie's).jpg","3"
"View of Naples Harbor.jpg","0"
"Cartouche with Flower Garland and Putti Around Madonna and Child (Bamberg).jpg","9"
"Judgment of Paris (Cambridge).jpg","5"
"Rest on the Flight into Egypt (London).jpg","8"
"Flowers in a Glass Vase (Milan).jpg","9"
"A Bridal Procession (Antwerp).jpg","1"
"Diana and Actaeon (Prague).jpg","1"
"Farmstead with Well.jpg","0"
"Par_Adam and Eve in Garden (Drouot, Paris, 1996).jpg","2"
"Travelers Pausing before an Inn.jpg","8"
"Peasant Dance, wedding (Baltimore).jpg","5"
"Jonah Leaving the Whale (Munich).jpg","5"
"The Goddess Ceres.jpg","6"
"High Mountains .jpg","1"
"Oil Sketch of Monkeys, Donkeys, and Cats.jpg","6"
"Paradise with Fall of Man (The Hague, Mauritshuis).jpg","5"
"Forest Landscape with Hunting Scene.jpg","1"
"Studies of Hounds.jpg","4"
"Hill Landscape.jpg","0"
"A View of Nuremberg.jpg","0"
"Aeneas Carrying Anchises from the Burning Troy (Paris).jpg","3"
"Homage to the Goddess Flora with a Feast of the Gods.jpg","5"
"Netherlandish Proverbs (London, Christie's, 1977).jpg","6"
"Earth^% Paradise Landscape (Paris, Louvre).jpg","2"
"The So-Called Tomb of Agrippina.jpg","0"
"Venus Arming Mars.jpg","8"
"Flowers in a Glass Vase (Madrid).jpg","9"
"Cleansing the Child of Israel.jpg","5"
"Venus and Mars Surprised by Vulcan.jpg","5"
"A Garland of Flowers Surrounding a Medallion of the Virgin and Child (London, Christie's, 1998).jpg","7"
"Village at End of a Canal with Urban Visitors.jpg","1"
"Adoration of the Magi (Antwerp, Koninklijk Museum voor Schone Kunsten).jpg","5"
"Diana and Actaeon (Budapest).jpg","5"
"Moses and the Israelites in the Wilderness (New York).jpg","5"
"Saint Margaret and the Dragon in a Landscape.jpg","5"
"Three quivers and two hunting horns.jpg","6"
"Netherlandish Proverbs (Dusseldorf).jpg","6"
"Studies of Peasants from Life.jpg","4"
"Wedding Celebration in a Barn (Paris).jpg","6"
"Allegory of Fire^% Venus in the Forge of Vulcan (Peterborough).jpg","6"
"Kermis Scene (Brussels, 1955).jpg","5"
"Madonna of the Forget-Me-Nots.jpg","5"
"Mule Convoy.jpg","0"
"Landscape with Diana and Actaeon.jpg","5"
"Bouquet in a Glass Vase (New York).jpg","2"
"Wooded Landscape with Houses and Walkers.jpg","3"
"Scene of a River Bank.jpg","0"
"Mass in a Grotto (Milan).jpg","3"
"Flowers in Basket and Tazza (London, Sotheby's, 2000).jpg","9"
"Peasants in a Wood Going to Market.jpg","0"
"Rocky Landscape with Saint Jerome.jpg","0"
"Netherlandish Proverbs (Private Collection).jpg","5"
"Forest Road with Woodcutter (London).jpg","1"
"River Landscape with Bathers near a Village.jpg","1"
"Temptation of St. Anthony with Temple of Vesta (Dresden).jpg","8"
"The Golden Age.jpg","5"
"Allegory of Winter (Neuburg an der Donau).jpg","5"
"Forest Landscape with Wanderers.jpg","8"
"Return from the Hunt.jpg","1"
"Study of Three Seated Figures.jpg","4"
"River Landscape with Bathers (New York).jpg","1"
"Allegory of the Four Elements (Dorotheum, Vienna, 1998).jpg","2"
"From Series I of the Four Elements^% Air (Amsterdam).jpg","6"
"The Fall (Sotheby's, New York).jpg","2"
"Infanta Isabella and her Entourage in the Park at Mariemont.jpg","1"
"Fall of Man (Munich).jpg","3"
"Peasant Wedding Dance (Gent).jpg","5"
"Allegory of Fire^% Venus in the Forge of Vulcan (London, Phillips, 1992).jpg","5"
"Travelers in a Mountain Landscape.jpg","1"
"Adoration of the Magi (Dresden).jpg","6"
"Abbey of Groenendael near Brussels.jpg","4"
"Allegory of Air (Berlin, 1911).jpg","2"
"Last Judgment (Copenhagen).jpg","2"
"Feeding the Multitude.jpg","6"
"Two Dutch Battle Ships.jpg","1"
"View of the Temples of Venus and of Diana in Baia from the South.jpg","0"
"Three Windmills .jpg","0"
"Sailboats and a City in the Distance.jpg","4"
"Wagons on Road.jpg","0"
"Peasant Wedding Banquet with the Archdukes (Madrid).jpg","5"
"Banquet of Odysseus with Calypso.jpg","5"
"Spring (Braunschweig).jpg","1"
"River with Wooded Banks Crossed by a Footbridge.jpg","0"
"Landscape with Three Windmills.jpg","0"
"Calvary (Munich).jpg","1"
"Landing Stage near a Town.jpg","1"
"Tree on an Outcrop with Group of Gypsies.jpg","0"
"Flowers in Earthenware Vase (Florence).jpg","9"
"Wide Landscape with Wagon and Travelers (London).jpg","1"
"The Four Elements (Bucharest).jpg","6"
"Four quivers, two bows and a spear.jpg","6"
"Interior of a Gothic Church Looking East (London, 2204).jpg","6"
"Stop at the Forge.jpg","6"
"Three Windmills (London).jpg","4"
"The Expulsion of Adam and Eve from Paradise (Munich).jpg","2"
"Villagers on Their Way to Market.jpg","0"
"Ruins on the Way to Tivoli (recto); Waterfall in Tivoli (verso).jpg","0"
"Village with Covered Wagon by a River.jpg","4"
"The Virgin Appearing to Sea-Farers.jpg","3"
"Wedding Celebration in a Barn, Image one (Giroux).jpg","6"
"The Sense of Smell.jpg","5"
"The Banquet of Achelous.jpg","5"
"Winter Landscape (Copenhagen).jpg","5"
"The couple with Owl and Jug (Saint-Paul-de-Vence).jpg","3"
"Interior Forest with Hunting Scene.jpg","8"
"Garland of Flowers Surrouding Medallion of Haloed Madonna and Child (Compiegne).jpg","7"
"Peasant Outing.jpg","0"
"Visitors to the Fountain of Sauvenieres at Spa.jpg","4"
"The Mill on the Pier.jpg","1"
"River with Sailboats.jpg","0"
"Wedding Celebration in a Barn (Belgium).jpg","6"
"Adoration of the Magi (Unknown Location 2).jpg","5"
"Various scenes from the Garden of Eden (The Hague).jpg","6"
"Windmill in a Broad Field.jpg","6"
"Fortification and Towers at a Harbor.jpg","0"
"Forest Landscape with a Pond and Hunter.jpg","8"
"Road through a Woodland Village.jpg","8"
"Road with Travelers (London).jpg","1"
"The Lawyer (Vienna).jpg","3"
"Coronation of the Virgin.jpg","5"
"St. Martin Dividing His Cloak (Private Collection).jpg","8"
"Willebroek bei Boom.jpg","0"
"Netherlandish Proverbs (Antwerp, KMSK).jpg","5"
"Broad Landscape with Travelers.jpg","1"
"Mother Surrounded by Her Children.jpg","4"
"Allegory of Fire^% Venus in the Forge of Vulcan (Paris, Legrain).jpg","5"
"Hillside Area .jpg","1"
"Landscape with Rest on the Flight into Egypt.jpg","1"
"Market and Bleaching Ground.jpg","1"
"Allegory of Summer (Neuburg an der Donau).jpg","5"
"Mountain Landscape (Vienna).jpg","1"
"Sketches of Peasants Going to Market, Horse-Drawn Carts, and a Cutler.jpg","4"
"Village Street with Travelers and Cattle.jpg","1"
"Feast of the Gods (Marriage of Peleus & Thetis).jpg","5"
"Orpheus with the Animals (unknown).jpg","2"
"Netherlandish Proverbs (Berlin, Goering).jpg","6"
"Country Road with Four Windmills.jpg","0"
"Hunters with Dogs.jpg","4"
"Sea Landscape with Fortification.jpg","1"
"Windmill on a Busy River.jpg","0"
"Diana and Actaeon (Elmira).jpg","6"
"Forest Landscape with Bridge.jpg","8"
"Rocky Coastal Inlet with Battle Ship.jpg","1"
"Flowers in a Glass Vase (Private Collection).jpg","9"
"Flowers in a Porcelain Bowl (Madrid).jpg","9"
"Country Road on Forest's Edge with Peasants and Wagons on the Way to the Market.jpg","0"
"Diana and Callisto.jpg","5"
"Flowers in a Glass Vase (Switzerland).jpg","9"
"The Creation of Eve (Drouot, Paris).jpg","2"
"Flowers in a Wooden Tub (Munich).jpg","9"
"Country Road with Figures and Animals.jpg","0"
"The Vision of Saint Hubert.jpg","1"
"Netherlandish Proverbs (Munich, Gal. Bohler).jpg","5"
"Cows in Water with Figures.jpg","0"
"River Bank.jpg","0"
"Village Square with Ferry.jpg","3"
"Juno in the Underworld.jpg","5"
"Large Fish Market with Self Portrait.jpg","1"
"Farmhouse along a Stream.jpg","3"
"Road through a Wood.jpg","5"
"Allegory of Fire^% Venus in the Forge of Vulcan (London, Trafalgar Galleries).jpg","6"
"Village Street.jpg","1"
"The Mill.jpg","6"
"Canal Crossing a Village.jpg","0"
"Stream Through Farmland (Amsterdam).jpg","2"
"Allegory of Earth.jpg","8"
"Adoration of the Magi (Prague).jpg","8"
"Festival in the Port of Venice.jpg","0"
"Farm Wagons in a Large Village.jpg","0"
"Fruit Garland with Holy Family.jpg","6"
"Bandit Encounter on the Way to Market.jpg","8"
"The Windmill.jpg","1"
"Flowers in a Decorated Ceramic Vase (Madrid).jpg","9"
"Venus, Vulcan and Amor.jpg","5"
"Allegory of Water (Rome).jpg","1"
"Adoration of the Magi (Antwerp, Mayer-van den Bergh).jpg","5"
"Allegory of Air and Fire (Vienna).jpg","9"
"Aeneas Carrying Anchises from the Burning Troy (Cologne).jpg","5"
"Landscape with Landing Stage.jpg","0"
"View of the Village of Schelle.jpg","5"
"The Drunkard Pushed into the Pigsty - Sale, Amsterdam.jpg","3"
"The Drunkard Pushed into the Pigsty (Sale, Berlin).jpg","3"
"Standing Gentlewoman.jpg","4"
"Travelers on a Country Road with a Village Beyond.jpg","5"
"Wedding Celebration in a Barn (stockholm).jpg","6"
"Visit to the Farmers (Bergues).jpg","6"
"The Good Samaritan.jpg","0"
"Allegory of Earth (Lyon).jpg","8"
"Allegory of Air (Weber, Brussels).jpg","2"
"View of a Village at the Edge of a River.jpg","0"
"Study Sheet with Sheep-Herder and Groups of Figures.jpg","4"
"Netherlandish Proverbs (Baron Caroly).jpg","6"
"Loading of a Horsedrawn Cart.jpg","4"
"Deer Hunting in the Forest.jpg","5"
"The Greedy Drunkard (Pommersfelden).jpg","3"
"Path over a Valley.jpg","0"
"Coastal Landscape with Temple of Vesta.jpg","3"
"Landscape with St. Jerome (London).jpg","6"
"The Valley.jpg","1"
"Landscape with Wagons.jpg","0"
"Latona and the Lycian Farmers.jpg","8"
"Sacrifice of Isaac (Geneva).jpg","3"
"Travelers on a Country Road (Paris).jpg","1"
"Flowers in a Wooden Tub (Bucharest).jpg","9"
"Forest Landscape with Hunters (London).jpg","8"
"Harbor with Preaching of Christ (London).jpg","5"
"Hilly Landscape (Paris).jpg","1"
"The Fisherman.jpg","0"
"Three Nave Gothic Church.jpg","6"
"Country Road with Wagons on Plain.jpg","0"
"Sheet of Figure Studies.jpg","4"
"The Envious.jpg","3"
"Minerva, Ceres and Fortuna.jpg","6"
"Sailing Boats.jpg","0"
"Outdoor Wedding (England).jpg","5"
"River Landscape with Landing Stage (Turin).jpg","8"
"The Creation of Eve (Madrid).jpg","2"
"Sketch of a Mountain Landscape, Tree and Vaulted Interior with a Wall Clock.jpg","0"
"Country Road with Windmill.jpg","1"
"Allegory of Fire^% Venus in the Forge of Vulcan (Russia) .jpg","6"
"Summer (Braunschweig).jpg","1"
"Village Fish Market with Scipio's Grave.jpg","2"
"Peasant Wedding Feast (Madrid).jpg","5"
"Vision of St. John on Patmos (Rome).jpg","2"
"Allegory of Water (London).jpg","8"
"Allegory of Abundance^% Venus, Bacchus and Ceres (Prague).jpg","8"
"Peasant dance, Wedding (Bern).jpg","6"
"Allegory of Fire^% Venus in the Forge of Vulcan (The Hague).jpg","6"
"Aeneas Carrying Anchises from the Burning Troy (Munich).jpg","1"
"Christ in the Storm (Christ and Apostles on the Lake of Tiberius) (Milan).jpg","2"
"Travellers on a pathway and a river valley.jpg","5"
"Archduke Albrecht Before Tervueren Castle.jpg","6"
"Rest on the Flight into Egypt (Switzerland).jpg","1"
"Virgin Mary and St. Joseph and the Christ Child, St. John, and Angels Playing with the Instruments of Passion.jpg","1"
"Flower Garland Around Medallion of Madonna and Child (London, Sotheby's, 1965).jpg","7"
"Sloth^% Laborers Asleep in the Fields.jpg","8"
"Wedding Dance Outdoors (Turin).jpg","5"
"Wagon and Cart in a Roadway on the Border of a Wood.jpg","4"
"The Ark of Noah Detail (Budapest).jpg","2"
"The Drunkard Pushed into the Pigsty.jpg","3"
"Landscape with Cistern (Milan).jpg","8"
"Wedding Procession with Windmill (Dorotheum, Vienna, 2000).jpg","5"
"Peasant dance, wedding feast (Berlin).jpg","6"
"Ruins of the Ancient Forum of Nerva, Rome (&%The Forum Transiterius&%), in the distance the Campanile of SS. Quirico and Giuletta.jpg","8"
"Bouquet with Mourning Iris in a Stoneware Vase (Prague).jpg","9"
"Wedding Celebration in a Barn (Sotheby's, London 2002).jpg","5"
"Boats and Canoes in the Middle of a River.jpg","0"
"Marriage of Bacchus and Ariadne (Brussels).jpg","6"
"Mountainous River Landscape.jpg","0"
"Visit to the Farmers (London, Christie's, 1995).jpg","5"
"View of Ruhrort and Duisburg.jpg","4"
"Peasant Wedding Dance (Quimper).jpg","6"
"Grain Harvest.jpg","8"
"Procession of the Bride (Unknown).jpg","6"
"The Drunkard pushed into the Pigsty (London, Christie's, 1990).jpg","5"
"Landing Stage Near a Village (London).jpg","5"
"Peasants Loading a Wagon.jpg","4"
"Port with Two Forts.jpg","0"
"Tower of Babel (Antwerp).jpg","1"
"Autumn (Braunschweig).jpg","8"
"The Ark of Noah (Pau,Pyrenees-Atlantiques).jpg","2"
"The Birds' Concert Party.jpg","8"
"Landscape of Paradise with the Creation of Eve.jpg","1"
"Preaching of John the Baptist (Munich).jpg","5"
"Frontal View of a River through a Village.jpg","8"
"Cargo Vessels and Rowboats off a Wharf.jpg","0"
"The Vision of St. Hubert (Berlin).jpg","8"
"Madonna and Child with John the Baptist, Surrounded by a Flower Garland (London).jpg","7"
"Baptism of Christ (Cologne).jpg","5"
"Visit to the Farmers (London Christie's, 1974).jpg","5"
"Mountainous Landscape with View over a Valley.jpg","0"
"River Landscape with Landing Stage (Washington).jpg","1"
"Paradise Landscape with Creation of Adam (Christie's, London).jpg","2"
"Adoration of the Magi (Philadelphia).jpg","6"
"Adoration of the Magi (Madrid, Convento de las Descalzas Reales).jpg","6"
"A Bridal Procession (Paris).jpg","5"
"Paradise Landscape with Fall of Man (Madrid).jpg","5"
"Roadway by a Stream.jpg","1"
"Nymphs Filling the Horn of Plenty.jpg","5"
"The Ark of Noah (England).jpg","2"
"Travelers on a Road Above a Valley.jpg","1"
"Way to Market on Forested Road.jpg","8"
"Interior of a Gothic Church.jpg","6"
"The Return from War^% Mars Disarmed by Venus.jpg","5"
"Rocky Landscape with Hermit.jpg","1"
"Wooded Shore with People Embarking in Boats (recto); Studies of People in Boats (verso).jpg","4"
"Castle on the Seashore.jpg","0"
"Forest Landscape with Hermit (Zurich).jpg","1"
"Netherlandish Proverbs (London, Sotheby's).jpg","6"
"Peasants on Their Way to Market.jpg","0"
"The Creation of Eve (Budapest).jpg","2"
"Perseus and Andromeda.jpg","1"
"River Landscape with Travelers on a Road.jpg","1"
"Four Windmills.jpg","2"
"The Madonna and Child Surrounded by a Garland of Flowers (London, van Haeften).jpg","7"
"Forest Landscape with Fox Hunting (Vienna).jpg","1"
"Noah's Ark (Palais des Congres, Versailles, 1976).jpg","6"
"A wedding dance in a landscape (Dijon).jpg","6"
"Flower Garland Around the Holy Family and John the Baptist (Zurich).jpg","7"
"River Landscape with Landing Stage (London).jpg","3"
"The Archdukes Outside Mariemont.jpg","8"
"Peter Encounters the Centurion Cornelius.jpg","1"
"Landing Stage Near a Village (Sweden).jpg","8"
"The Wedding Feast (Christie's, New York, 2000).jpg","6"
"Choir of Musical Angels.jpg","8"
"The Pissing Man.jpg","3"
"River Landscape with City.jpg","0"
"Cartouche and Garland Around Madonna and Child (London, Sotheby's, 1983).jpg","9"
"Peasant Dance on Hilltop Road, with Burgher Audience.jpg","8"
"Wide Landscape with Wagons.jpg","5"
"Allegory of Fire^% Venus in the Forge of Vulcan (Vienna, Dorotheum).jpg","6"
"Allegory of Fire^% Venus in the Forge of Vulcan (Versailles).jpg","6"
"Allegory of Fire^% Venus in the Forge of Vulcan (Solms).jpg","6"
"Boat Building.jpg","4"
"The Fall of Man (Brussels).jpg","0"
"Fall of the Manna (London).jpg","5"
"The Bird Concert (Christie's, London, 1998).jpg","2"
"Adoration of the Magi (Brussels).jpg","6"
"Roman Carnival^% Allegory of Winter.jpg","3"
"Crucifixion (Munich).jpg","6"
"Five Women Talking.jpg","4"
"Paradise (Vienna).jpg","1"
"Winter (Braunschweig).jpg","1"
"Coach on a Country Road.jpg","0"
"Air^% The Rape of Ganymede.jpg","1"
"Three Boats in a Hilly Landscape.jpg","4"
"Sea Landscape.jpg","0"
"Wagon on Road through Forest.jpg","0"
"Skating Scene.jpg","0"
"Wide Landscape with Travelers and Wagons.jpg","5"
"Woman Carrying Water in One Hand and Fire in the Other in Summer Landscape.jpg","3"
"River Landscape with Noble Party in Boat^% Allegory of Spring.jpg","3"
"Forest Road with Travelers (Florence).jpg","8"
"Mountainous Landscape with Exotic Animals.jpg","0"
"Allegory of Earth (Rome).jpg","1"
"Behind the Fish Net.jpg","3"
"Archduke Albrecht with Infante Isabella in the Garden of Coudenberg Palace, Brussels.jpg","8"
"&%Villa de Aggrippina Julia&% Vestigi delle antichita di Roma Tivoli Pozzuolo et altri luochi.jpg","4"
"Landscape with Hermit (St. Fulgentius$%) (Milan).jpg","8"
"Forest Landscape with Duck Hunter.jpg","3"
"Mountainous Landscape with Tobit and the Angel.jpg","0"
"Forest Landscape with Hermit (Private Collection).jpg","3"
"Allegory of Fire^% Venus in the Forge of Vulcan (London, Gallery Agnew).jpg","8"
"Temptation of St. Anthony in a Forest (Italy).jpg","8"
"Landscape with Covered Wagon and View of Antwerp.jpg","0"
"Adoration of the Magi (England).jpg","5"
"Women Working in Front of a Washer or Dyeworks (Detail).jpg","4"
"Allegory of Public Welfare.jpg","5"
"Harbor in Front of City Wall.jpg","0"
"The Ark of Noah (Twigworth).jpg","2"
"Road with Travelers.jpg","8"
"Virgin and Child in a Flower Garland (Paris).jpg","7"
"Paradise Landscape with Noah's Ark (Budapest).jpg","8"
"Travelers on a Road Above a River Valley.jpg","1"
"Wide Landscape with Wagon and Travelers.jpg","8"
"The Peasant Dance (Brussels, 1957).jpg","6"
"The Flood with Noah's Ark (Zurich).jpg","5"
"Large Panoramic Mountain View with Venus and Adonis.jpg","2"
"Orpheus Sings for Pluto and Proserpina (Rome).jpg","5"
"Barges and Boats on a River.jpg","6"
"Studies of Working Peasants.jpg","4"
"Carrying of the Cross (Christ & the Holy Women).jpg","3"
"Bouquet of Flowers in a Chinese Vase (London).jpg","9"
"Flowers in Basket and Glass (De Boer).jpg","6"
"Rocky Landscape with St. Jerome.jpg","0"
"Landscape with Two Peasants and Cattle.jpg","4"
"River Landscape with Landing Stage (Antwerp).jpg","1"
"Flowers in Basket and Tazza (Paris, Artcurial).jpg","9"
"Flower Garland Around a Medallion with the Coronation of the Madonna (London, Sotheby's, 2005).jpg","7"
"A Bridal Procession (Christie's, London, 1935).jpg","6"
"Studies of Figures.jpg","4"
"View of a Village with a Canal.jpg","0"
"Allegory^% The Dream of Raphael (Circe & Ulysses).jpg","1"
"The Paradise (Cologne, 1935).jpg","6"
"Latona and the Lycian Farmers (Amsterdam).jpg","8"
"Sitting Woman Breastfeeding a Child.jpg","4"
"Adoration of the Magi (Brussels, Sale).jpg","6"
"Adoration of the Magi (Madrid, Lazato).jpg","6"
"Forest Road with Peasants and Wagons on the Way to the Market.jpg","0"
"Flower Garland Around the Holy Family, Elizabeth and John (Zurich).jpg","7"
"Rocky Landscape with Flight into Egypt (New York).jpg","3"
"Pan and Syrinx (Vienna).jpg","0"
"The Peasant Dance (london, Christie's, 1978).jpg","6"
"Visit to the Farmers (New York, Sotheby's).jpg","5"
"Seven hunting horns.jpg","6"
"Rest on the Flight into Egypt (Amsterdam).jpg","8"
"Allegory of Abundance (Venus, Ceres and Bacchus).jpg","5"
"Study of Hunting Requisites.jpg","4"
"Peasants on the Move.jpg","4"
"Ancient Ruins (Berlin).jpg","2"
"Ruins in Rome.jpg","4"
"Flowers in a Tazza (New York).jpg","9"
"Garden of Eden (Yale 1961.62.23).jpg","4"
"Inn by a Canal with a Coach and a Barge.jpg","4"
"Hilltop Road with Travelers.jpg","8"
"Saint Hubertus in a Landscape.jpg","8"
"Aeneas and Sibyl in the Underworld (Budapest, 553).jpg","1"
"The Peasant and the Nest Robber - Chesham.jpg","8"
"A Study of three Roebucks (Sotheby's, Amsterdam).jpg","6"
"Allegory of Fire^% Venus in the Forge of Vulcan (Christie's, Paris).jpg","6"
"Barge Moored to a Bank.jpg","0"
"The Paradise (Rome).jpg","8"
"Country Road with Farm Wagons.jpg","8"
"Passage in the High Mountains .jpg","1"
"Rebus Blazon for the Rhetorician's Guild 'De Violieren'.jpg","7"
"Studies of Figures and Sheep, Including a Man Shearing a Sheep at Left.jpg","4"
"Flower Garland and Cartouche Framing the Madonna and Child (Hanover, Landesmuseum).jpg","9"
"Fantastic Landscape with Figures.jpg","0"
"Adam and Eve in Paradise (Sotheby's, London).jpg","2"
"The Clivus Scauri in Rome.jpg","4"
"View over a Broad River Valley with Gypsies.jpg","1"
"Archduke Albert of Austria with Women on a Platform.jpg","4"
"Kermis (Brussels, Leger & Son, 1932).jpg","6"
"Paradise Landscape with the Fall of Man (Rome, Galleria Doria-Pamphili).jpg","1"
"The Adoration of the Magi (London, Sotheby's 1990).jpg","5"
"Aeneas and Sibyl in the Underworld (London).jpg","5"
"Kermis (Graz).jpg","4"
"The Schelde River at Antwerp.jpg","0"
"Flowers in a Ceramic Vase (Switzerland).jpg","9"
"Abraham sending Hagar and Ismael into the Forest.jpg","1"
"Peasant's Dance by (New York, Anderson Gallery, 1928).jpg","6"
"The Lawyer (Amsterdam).jpg","7"
"The Blue Coat (Paris).jpg","3"
"Soldiers in Forest Clearing.jpg","1"
"Venus and Amor.jpg","5"
"Proverb^% 'Woman with pot of water' (Kassel).jpg","3"
"Wedding Celebration in a Barn, Image three (Giroux).jpg","6"
"Procession of Groom (Kansas City).jpg","6"
"Holy Family in a Flower Garland.jpg","7"
"Flower Arrangement.jpg","4"
"The Sense of Sight.jpg","5"
"The Archdukes and Company before Mariemont Castle.jpg","2"
"Paradise with Fall of Man (Brentford).jpg","5"
"Kermis (Amsterdam Rijksmuseum).jpg","2"
"Two Studies of an Ostrich.jpg","4"
"Archduke Albert before Mariemont Castle (Germany).jpg","1"
"Harbor Landscape with Scipio's Grave.jpg","1"
"The Sense of Touch (Munich).jpg","6"
"View of the Temple of the Sibyl in Tivoli.jpg","6"
"The Creation of Eve (Konstanz).jpg","2"
"Landscape with Castle and Church in Background.jpg","0"
"Calvary (Milan).jpg","3"
"A Study of Parrots with a Falconer in the Background (Sotheby's, New York).jpg","2"
"Procession of the Groom (pendant) (Zurich, 2001).jpg","6"
"The Wedding Dance.jpg","5"
"Farmers and Soldiers on the Road.jpg","0"
"Allegory of Fire^% Venus in the Forge of Vulcan (Frankfurt).jpg","6"
"Village Alongside a River.jpg","0"
"Kermis (Vienna).jpg","5"
"Flowers in a Wooden Tub with Squirrel (Amsterdam).jpg","9"
"Allegory of Earth and Water.jpg","1"
"The Goose-Shepherd (Antwerp, KMSK).jpg","3"
"River Landscape with Bathers.jpg","8"
"Village Street with Wagons and Festival.jpg","0"
"Bouquet of Flowers in a Chinese Vase (The Hague).jpg","9"
"Imaginary Scene.jpg","0"
"Landscape with Travelers near an Inn.jpg","1"
"Travelers on a Country Road.jpg","1"
"Mouse, Rose, and Butterfly (Milan).jpg","7"
"Mouse, Rose, and Butterfly (Amsterdam).jpg","1"
"Landscape with Young Tobias.jpg","8"
"Mountain Landscape overlooking a River Valley.jpg","1"
"Village on the Left Bank of a Canal.jpg","0"
"River Landscape with Bathers and Sailboats.jpg","8"
"Forest Landscape with Hunters and Dogs.jpg","1"
"Adoration of the Magi (Madrid).jpg","6"
"Flowers in a Vase with Jewels, Coins, and Shells (Milan).jpg","7"
"The Fall of Man (Dortmund).jpg","6"
"Windmill on the River.jpg","0"
"Hilly Landscape with Figures Near a Ravine.jpg","0"
"The Flood with Noah's Ark (London).jpg","5"
"The Farmer and the Handler (Amsterdam).jpg","3"
"Two Fools Roundel (Hamburg).jpg","3"
"Landscape with Wagons on a Road.jpg","4"
"Harbor View.jpg","0"
"Entrance to Village with Windmill (Amsterdam).jpg","1"
"Adoration of the Magi (New York, Sotheby's).jpg","5"
"Grotto.jpg","0"
"The Arch of Septimius Severus, Rome.jpg","6"
"Mountainous Landscape with Village in Valley and Distant View.jpg","0"
"Baptism of Christ (London).jpg","5"
"Wooded Canyon with Rock Bridge and Travelers.jpg","1"
"Wedding Celebration in a Barn, Image two (Giroux).jpg","6"
"Mountain Landscape^% Road with Figures, Pilgrim With Dog.jpg","0"
"Entry into Noah's Ark (France).jpg","2"
"Kermis (Uppsala).jpg","5"
"Temptation of St. Anthony (Vienna).jpg","2"
"Landing Stage near a Town (London).jpg","1"
"Herd of Cows at a Well.jpg","4"
"Peasants and Hay Wagon on a Country Road.jpg","4"
"The Drunkard pushed into the Pigsty (Paris, Ader Picard Tajan).jpg","3"
" The Fifth Day of Creation^% God the Father creates the birds and the fish (Part of a Series) (Christie's, London).jpg","2"
"River Landscape with Landing Stage (Germany).jpg","8"
"Scipio's Grave on the Via Appia.jpg","4"
"Beach with Sailboats in a Storm.jpg","0"
"Flowers in a Painted Vase (France).jpg","3"
"Bird Concert (Braunschweig).jpg","2"
"Man on Egg (Unknown Collection).jpg","3"
"The Marriage Feast of Bacchus (Paris).jpg","5"
"Daniel in the Lions' Den.jpg","4"
"Allegory of the Four Elements (Madrid).jpg","5"
"The Paradise (Aschaffenburg).jpg","8"
"Paradise Landscape with God Telling Adam to Name the Animals (Rome, Galleria Doria Pamphili).jpg","5"
"Mountainous Landscape with Figures and a Donkey.jpg","1"
"Ford at the Edge of a Wood.jpg","0"
"Dancers at a Village Wedding with the Bride Seated at a Table Beyond.jpg","0"
"St. Martin Dividing His Cloak.jpg","5"
"Oxen in a Landscape.jpg","0"
"Netherlandish Proverbs (Sale, Antwerp).jpg","6"
"Forest Landscape with Woodcutters.jpg","8"
"Village Wharf.jpg","4"
"Travelers on the Pass .jpg","1"
"The Paradise (Dorotheum, Vienna, 1994).jpg","5"
"Forest Landscape with St. Hubert.jpg","1"
"Road through a Woodland Village (St. Petersburg).jpg","1"
"Mountainous Landscape.jpg","4"
"Sanctuary of a Gothic Church.jpg","6"
"Adam and Eve in Paradise (Amsterdam).jpg","2"
"Interior of a Gothic Church (Milan).jpg","6"
"Bouquet with Mourning Iris in a Stoneware Vase (Cologne).jpg","9"
"Landscape with Flight into Egypt.jpg","3"
"Judgment of Paris (Sibiu).jpg","5"
"Venus and Mars in the Forge of Vulcan (Paris).jpg","5"
"Forest Landscape with Sacrifice of Isaac (Tokyo).jpg","1"
"Flowers in a Sculpted Vase (Private Collection).jpg","9"
"The Palace of Isabella Clara Eugenia at Tervuren.jpg","1"
"Trees, Birds, Fruits, and Flowers.jpg","4"
"View of the Ponte Rotto in Rome.jpg","4"
"Orpheus (Munich, 1957).jpg","6"
"The Flatterers (Paris).jpg","3"
"Winter Village Canal.jpg","8"
"Studies of Groups of Figures.jpg","0"
"Paradise landscape with the Fall (Private Collection, Germany).jpg","5"
"Forest Road.jpg","0"
"View of the Castel dell'Ovo.jpg","4"
"The Temple of the Sybil at Tivoli.jpg","6"
"St. Jerome in a Flower Cartouche (Maastricht).jpg","9"
"Vulcan in Forge with Birds.jpg","5"
"Road by Windmills.jpg","1"
"Sleeping Peasants and Two Horses Under Large Trees.jpg","4"
"Coaching Inn in a Village.jpg","2"
"Waterfall at Tivoli.jpg","0"
"To Fill up the Well after the Calf has drowned (New York, Christie's).jpg","3"
"Flower Garland Around the Virgin and Child (Monte Carlo).jpg","7"
"Latona and the Lycian Farmers (London).jpg","8"
"Flowers in a Decorated Ceramic Vase (Detroit).jpg","9"
"Feast of the Gods (Brussels).jpg","5"
"View of Antwerp from the Scheldt.jpg","1"
"Diana and Callisto (Berlin).jpg","6"
"Fruit Garland with Offering to Ceres (Madrid).jpg","7"
"Noah in Front of Sea.jpg","5"
"View of Tivoli (Paris).jpg","0"
"Woodland Scene with Stags and Bears.jpg","0"
"The Misanthropist (Antwerp, Museum voor Schone Kunsten).jpg","3"
"The One who is Eating the Meal (Unknown Collection).jpg","3"
"Daniel in the Lions' Den (Milan).jpg","1"
"Landscape with Travelers (Cleveland).jpg","0"
"Kermis (Haarlem).jpg","6"
"Village Street with Carts and Horses.jpg","0"
"Small River Landscape with Two Canoes.jpg","2"
"River Landscape with Landing Stage on the Left.jpg","1"
"St. Peter Celestine.jpg","5"
"Peasant Dance, Wedding (New York).jpg","6"
"Entrance to Village with Windmill (Zurich).jpg","1"
"Attack on a Convoy (Vienna).jpg","8"
"A Highway Robbery.jpg","0"
"Landscape with Gypsy group.jpg","0"
"Canal with Sloops.jpg","0"
"Woodland Road.jpg","0"
"River with Village and Landing Stage.jpg","8"
"Landscape with a Ford.jpg","5"
"View of Heidelberg (New York).jpg","0"
"View of a Village.jpg","0"
"Allegory of Sound^% The Bird Concert.jpg","8"
"Cartouche and Garland Around Madonna and Child (Duffel).jpg","9"
"Mill on a River.jpg","0"
"The Bridegroom's Procession (Christie's, London,2000).jpg","5"
"View of Roman Ruins, the Baths of Caracalla or the Baths of Diocletian in Rome.jpg","4"
"Cartouche with Flowers Around Madonna and Child  (Paris, Berge).jpg","9"
"Jonah Delivered from the Whale.jpg","4"
"Holy Family Framed in a Garland of Flowers (Louvre).jpg","7"
"The Opportunist.jpg","3"
"Flowers in a Sculpted Vase Beside a Wreath of Flowers (Gundelfingen).jpg","9"
"Nymphs Sleeping After the Hunt Spied on by Satyr.jpg","5"
"Christ in Limbo (Aschaffenburg).jpg","5"
"Paradise Landscape with Fall of Man (France, Private Collection).jpg","3"
"Allegory of Love.jpg","5"
"Christ in Limbo (The Hague).jpg","5"
"Holy Family in Landscape (Turin).jpg","5"
"Rocky Landscape (Momper).jpg","3"
"Village Landscape with Cattle Market.jpg","8"
"Aeneas Carrying Anchises from the Burning Troy (Amsterdam).jpg","1"
"The Sense of Hearing.jpg","5"
"Kermis scene (Brunn, 1929).jpg","6"
"Flowers in a Wooden Tub (London).jpg","9"
"Forest Landscape (Vienna).jpg","2"
"Fish Market before a City on Water.jpg","1"
"Landscape with Archduke Albert and Mariemont Castle.jpg","1"
"Feast of the Gods (Switzerland).jpg","5"
"Wedding Celebration in a Barn (Christie's, London, 1988).jpg","6"
"Wide Landscape with Hunters in the Snow.jpg","8"
"Travelers in the Mountains.jpg","2"
"The Paradise (Stourhead).jpg","8"
"View of Mariemont Castle.jpg","2"
"Battle of the Amazons (Potsdam).jpg","5"
"The Forge of Vulcan (Cologne).jpg","6"
"Landscape with Hermit on the Right (Milan).jpg","8"
"Harbor Scene (Paris).jpg","0"
"Flowers in a Wooden Tub (Private Collection).jpg","9"
"The Drunkard pushed into the Pigsty (private collection).jpg","3"
"Netherlandish Proverbs (London, van Haeften).jpg","5"
"Forest Landscape with Castle.jpg","1"
"A Bridal Procession (unknown).jpg","5"
"Sheet of Studies of Peasants.jpg","4"
"Man on Egg (Mainz).jpg","3"
"Town on a Wide River.jpg","0"
"Christ in Limbo (Riggisberg).jpg","5"
"Christ in Limbo (Rome).jpg","5"
"Village by a River.jpg","3"
"Busy Road.jpg","4"
"Flower Garland with Inner Garland of Religious Scenes (Sotheby's).jpg","7"
"The Wedding Procession (Christie's, London,1965) .jpg","6"
"The Wedding Dance (Sotheby's, London, 1996).jpg","5"
"Busy Village Street with Resting Travelers.jpg","1"
"Broad Landscape with Windmills.jpg","2"
"The Wedding of Peleus and Thetis.jpg","5"
"Landscape with a Road Leading Past a Place for Execution .jpg","8"
"Bouquet in a Glass Vase (Basel).jpg","2"
"Cartouche and Garland Around Madonna and Child with John the Baptist (Maastricht, 1975).jpg","9"
"Canal in a Flemish Town.jpg","4"
"Allegory of Fire^% Venus in the Forge of Vulcan (London, Sotheby's).jpg","6"
"Mountain Landscape with a River.jpg","1"
"Paradise landscape (Kunsthaus Lempertz, Cologne, 1995).jpg","2"
"A wedding dance in a landscape (Amsterdam, 1969).jpg","6"
"Coastal Landscape with Scipio's Grave (Germany).jpg","1"
"Harbor Scene (London).jpg","8"
"Bouquet with Mourning Iris in a Stoneware Vase.jpg","9"
"Allegory of Astronomy or one of the four elements^% Air (The Hague).jpg","6"
"Procession of the Groom (Christie's,  London, 1990).jpg","5"
"Fishermen in the Dunes.jpg","4"
"Flower Garland Around the Holy Family, Elizabeth and John.jpg","7"
"Orpheus and the Beasts (Galleria Borghese).jpg","5"
"Flowers in a Painted Ceramic Vase with Moths (Madrid).jpg","9"
"Travelers on a Forest Road.jpg","5"
"Study of a Tree Trunk and Foliage (recto); Studies of Foliage with Fruits and Berries (verso).jpg","0"
"Bouquet in a Glass Vase (Madrid).jpg","9"
"Adoration of the Magi (Lokeren).jpg","6"
"A Group of Peasants.jpg","4"
"Peasants with a Horse and Cart.jpg","4"
"A Village by a River.jpg","0"
"Allegory of Fire^% Venus in the Forge of Vulcan (Rome).jpg","6"
"Christ and the Adulterous Woman (Munich).jpg","2"
"Allegory of Water (Milan).jpg","1"
"View of the Interior of the Colosseum in Rome.jpg","4"
"The Castle.jpg","0"
"Bridge of Talavera.jpg","2"
"Adam and Eve with their family, working as gardeners after the fall (Christie's, Amsterdam).jpg","5"
"Flooded Forest Landscape.jpg","0"
"Man Sitting Between Two Chairs.jpg","3"
"&%Baulo Graca&% Vestigi delle antichita di Roma Tivoli Pozzuolo et altri luochi.jpg","4"
"Canal in Village.jpg","0"
"St. Martin Dividing His Cloak (Munich).jpg","6"
"The Paradise (Madrid).jpg","8"
"Village with Dancing Peasants.jpg","8"
"Flora^% Allegory of Spring.jpg","5"
"Mills of the Edge of a River.jpg","0"
"Market Day in Village by a River.jpg","1"
"Netherlandish Proverbs (Haarlem).jpg","6"
"Gallery Interior^% Allegory of the Art of Painting and the Art of Drawing.jpg","5"
"View Down a River through a Village.jpg","1"
"Peasant Dance Wedding - engraving (Antwerp).jpg","6"
"Forest Interior with John the Baptist.jpg","5"
"The Rape of Europa (Private).jpg","5"
"Holy Family with Angel in a Landscape.jpg","6"
"The Farmer and the Handler (Antwerp).jpg","3"
